"Kingdom","Phylum","Class","Order","Species","Environment","Geographic_region","Impacted_sector_2","Type_of_cost_merged","Impact_year","Publication_year","Probable_starting_year","Probable_ending_year","Probable_starting_year_adjusted","Probable_ending_year_adjusted","Raw_cost_estimate_local_currency","Raw_cost_estimate_2017_USD_exchange_rate","Cost_estimate_per_year_local_currency","Cost","Applicable_year","Cost_GDP","ornamental","pet","fisheries","forestry","horticulture","stocking","medicinal","aquaculture","cut_flower","botanical_zoo","food","hunt_fish","live_food","animal","aquarium","nursery","timber","seed","all_agri","all_for","all_fish","all_health","all_pet","all_other","health_spend","ind_spend","pathway","origin"
"Animalia","Annelida","Polychaeta","Sabellida","Ficopomatus enigmaticus","Aquatic","Europe","Fishery","Damage_costs",2005,2005,NA,NA,2005,2005,250,390.378778570416,250,47869.4403047844,2005,1.10911585506915,0,0,0,0,0,0,0,0,0,0,0,0,0,0,0,0,0,0,0,0,0,0,0,1,11.3,40133089362,"all_other","OC"
"Animalia","Arthropoda","Arachnida","Mesostigmata","Varroa destructor","Terrestrial","Europe","Agriculture","Damage_costs",2010,2010,2010,NA,2010,2010,15839424,27512224.0971769,15839424,7712517.88278993,2010,3.46474298418236,0,0,0,0,0,0,0,0,0,0,0,0,0,0,0,0,0,0,0,0,0,0,0,1,9.6,17431087145,"all_other","AS"
"Animalia","Arthropoda","Arachnida","Mesostigmata","Varroa destructor","Terrestrial","Europe","Agriculture","Management_costs",2010,2010,2010,NA,2010,2010,4440275,7712517.88278993,4440275,2380731.13397322,2010,1.06951084185679,0,0,0,0,0,0,0,0,0,0,0,0,0,0,0,0,0,0,0,0,0,0,0,1,9.6,17431087145,"all_other","AS"
"Animalia","Arthropoda","Arachnida","Mesostigmata","Varroa jacobsoni","Terrestrial","Oceania","Agriculture","Damage_costs",2005,2005,NA,NA,2005,2005,434.5,545.36100170685,434.5,103750,2005,0.0663787587971849,0,0,0,0,0,0,0,0,0,0,0,0,0,0,0,0,0,0,0,0,0,0,0,1,9.2,NA,"all_other","AS"
"Animalia","Arthropoda","Arachnida","Prostigmata","Raoiella indica","Terrestrial","North America","Health","Management_costs",10075,10095,10065,10085,10065,10085,1037500,1037500,207500,292729.741345527,10085,0.0676206378714545,5,0,0,0,0,0,0,0,5,0,0,0,0,0,0,5,0,5,5,0,0,0,5,0,27.5,195975264575,"all_agri","NAm"
"Animalia","Arthropoda","Arachnida","Prostigmata","Raoiella indica","Terrestrial","North America","Health","Management_costs",10075,10095,10065,10085,10065,10085,1037500,1037500,207500,2678604821.00928,10085,187.840450281156,5,0,0,0,0,0,0,0,5,0,0,0,0,0,0,5,0,5,5,0,0,0,5,0,27.5,195975264575,"all_pet","AS"
"Animalia","Arthropoda","Insecta","Coleoptera","Agrilus planipennis","Terrestrial","Europe","Agriculture","Damage_costs",14091,14112,14070,14112,14070,14112,1.19e+11,1812439628.57408,1.19e+11,230472361.714708,14112,24.7976037463672,0,0,0,7,0,0,0,0,0,0,0,0,0,0,0,7,7,0,0,7,0,0,7,0,37.1,392376464186,"all_for","Diverse"
"Animalia","Arthropoda","Insecta","Coleoptera","Agrilus planipennis","Terrestrial","Europe","Agriculture","Damage_costs",14091,14112,14070,14112,14070,14112,1.19e+11,1812439628.57408,1.19e+11,242949.186189689,14112,0.017037109830974,0,0,0,7,0,0,0,0,0,0,0,0,0,0,0,7,7,0,0,7,0,0,7,0,37.1,392376464186,"all_pet","Diverse"
"Animalia","Arthropoda","Insecta","Coleoptera","Agrilus planipennis","Terrestrial","North America","Agriculture","Damage_costs",1992,1993,1991,1992,1992,1992,1.75e+08,296943250.648977,1.75e+08,345838.948549631,1993,0.189708693664087,0,0,0,1,0,0,0,0,0,0,0,0,0,0,0,1,1,0,0,1,0,0,1,0,17.1,1.7858e+11,"all_for","AS"
"Animalia","Arthropoda","Insecta","Coleoptera","Agrilus planipennis","Terrestrial","North America","Agriculture","Damage_costs",1992,1993,1991,1992,1992,1992,1.75e+08,296943250.648977,1.75e+08,3639879.82426244,1993,2.87089665354055,0,0,0,1,0,0,0,0,0,0,0,0,0,0,0,1,1,0,0,1,0,0,1,0,17.1,1.7858e+11,"all_pet","AS"
"Animalia","Arthropoda","Insecta","Coleoptera","Agrilus planipennis","Terrestrial","North America","Forestry","Damage_costs",2014,2014,NA,NA,2014,2014,469280,485898.372379379,469280,1637087761.24601,2014,294.07587429562,0,0,0,1,0,0,0,0,0,0,0,0,0,0,0,1,1,0,0,1,0,0,1,0,17.1,1.7858e+11,"all_for","AS"
"Animalia","Arthropoda","Insecta","Coleoptera","Agrilus planipennis","Terrestrial","North America","Forestry","Damage_costs",2014,2014,NA,NA,2014,2014,469280,485898.372379379,469280,372072629.326559,2014,286.209714866584,0,0,0,1,0,0,0,0,0,0,0,0,0,0,0,1,1,0,0,1,0,0,1,0,17.1,1.7858e+11,"all_pet","AS"
"Animalia","Arthropoda","Insecta","Coleoptera","Anoplophora chinensis","Terrestrial","Europe","Agriculture","Mixed_costs",2018,2018,NA,NA,2018,2018,3e+05,345838.948549631,3e+05,338337955.625992,2018,23.7263643496488,0,0,0,0,0,0,0,0,0,0,0,0,0,0,0,0,0,0,0,0,0,0,0,1,8.8,38438132892,"all_other","NAm"
"Animalia","Arthropoda","Insecta","Coleoptera","Anoplophora glabripennis","Terrestrial","North America","Forestry","Damage_costs",2002,2006,2002,NA,2002,2002,428481000,372072629.326559,428481000,1800535.76298692,2002,3.13736846660903,0,0,0,0,0,0,0,0,0,0,0,0,0,0,0,0,0,0,0,0,0,0,0,1,10.6,NA,"all_other","NAm"
"Animalia","Arthropoda","Insecta","Coleoptera","Anthonomus grandis","Terrestrial","North America","Agriculture","Damage_costs",1998,1998,1998,NA,1998,1998,2.25e+08,338337955.625992,2.25e+08,1523530.26098893,1998,2.65469639482302,0,0,0,0,0,0,0,0,0,0,0,0,0,0,0,0,0,0,0,0,0,0,0,1,17.1,1.7858e+11,"all_other","NAm"
"Animalia","Arthropoda","Insecta","Coleoptera","Anthonomus grandis","Terrestrial","North America","Agriculture","Management_costs",2005,2005,NA,NA,2005,2005,7.5e+07,94135961.1691917,7.5e+07,260505807.253922,2005,200.389082503017,0,0,0,0,0,0,0,0,0,0,0,0,0,0,0,0,0,0,0,0,0,0,0,1,17.1,1.7858e+11,"all_other","EUR"
"Animalia","Arthropoda","Insecta","Coleoptera","Anthonomus grandis","Terrestrial","North America","Agriculture","Mixed_costs",57536,57942,54752,57942,54752,57942,4.8285e+11,726073252773.378,4.35e+09,60211466.2063618,57942,13.9088626025322,0,0,0,0,0,0,0,0,0,0,0,0,0,0,0,0,0,0,0,0,0,0,0,29,495.9,5.17882e+12,"all_other","Diverse"
"Animalia","Arthropoda","Insecta","Coleoptera","Anthonomus grandis","Terrestrial","North America","Agriculture",NA,85613,86516,81270,NA,81270,86516,17479674796.748,18661690454.1143,142111177.209333,423755.766928457,86516,0.19036647211521,0,0,0,0,0,0,0,0,0,0,0,0,0,0,0,0,0,0,0,0,0,0,0,43,735.3,7.67894e+12,"all_other","Diverse"
"Animalia","Arthropoda","Insecta","Coleoptera","Anthonomus grandis","Terrestrial","South America","Agriculture","Management_costs",2001,2005,2001,2001,2001,2001,1300000,1800535.76298692,1300000,27679.8587595752,2001,0.0197290511472382,0,0,0,0,0,0,0,0,0,0,0,0,0,0,0,0,0,0,0,0,0,0,0,1,9.1,35209336044,"all_other","OC"
"Animalia","Arthropoda","Insecta","Coleoptera","Ceutorhynchus obstrictus","Terrestrial","North America","Forestry","Damage_costs",2002,2006,2002,NA,2002,2002,3e+08,260505807.253922,3e+08,1900000,2002,0.238304276934654,0,0,0,0,0,0,0,0,0,0,0,0,0,0,0,0,0,0,0,0,0,0,0,1,10.6,NA,"all_other","NAm"
"Animalia","Arthropoda","Insecta","Coleoptera","Dendroctonus micans","Terrestrial","Europe","Forestry","Damage_costs",4020,4020,4020,NA,4020,4020,243966,423755.766928457,243966,3430846.38667796,4020,0.792526307848917,0,0,0,0,0,0,0,0,0,0,0,0,0,0,0,0,0,0,0,0,0,0,0,2,19.2,34862174290,"all_other","NAm"
"Animalia","Arthropoda","Insecta","Coleoptera","Dendroctonus micans","Terrestrial","Europe","Forestry","Management_costs",4013,4020,4013,NA,4013,4013,57000,109971.38265489,57000,2700939.15972263,4013,216.108410490247,0,0,0,0,0,0,0,0,0,0,0,0,0,0,0,0,0,0,0,0,0,0,0,2,19.2,34862174290,"all_other","Diverse"
"Animalia","Arthropoda","Insecta","Coleoptera","Leptinotarsa decemlineata","Terrestrial","Asia","Agriculture","Damage_costs",2007,2017,2007,NA,2007,2007,1300000,1300000,1300000,20093271.6165519,2017,11.0220908483554,0,0,0,0,0,0,0,0,0,0,0,0,0,0,0,0,0,0,0,0,0,0,0,1,5.2,9.18795e+11,"all_other","AS"
"Animalia","Arthropoda","Insecta","Coleoptera","Rhynchophorus ferrugineus","Terrestrial","Europe","Forestry","Mixed_costs",8026,8032,8020,8032,8020,8032,4.8e+07,80373086.4662077,1.2e+07,33250948.0740303,8032,15.6254455235105,0,0,0,0,0,0,0,0,0,0,0,0,0,0,0,0,0,0,0,0,0,0,0,4,35.2,153752531568,"all_other","AS"
"Animalia","Arthropoda","Insecta","Diptera","Anastrepha fraterculus","Terrestrial","South America","Agriculture","Damage_costs",2005,2005,NA,NA,2005,2005,78500000,33932711.6543258,78500000,12734038.8558762,2005,0.892990102095105,0,0,0,0,0,0,0,0,0,0,0,0,0,0,0,0,0,0,0,0,0,0,0,1,9.1,35209336044,"all_other","AS"
"Animalia","Arthropoda","Insecta","Diptera","Anastrepha fraterculus","Terrestrial","South America","Agriculture","Management_costs",12080,12090,NA,NA,12070,12090,13145000,7484670.51202075,10605000,298072.091551071,12090,0.133904803032826,0,0,0,0,0,0,0,0,0,0,0,0,0,0,0,0,0,0,0,0,0,0,0,6,50.6,83859491044,"all_other","AS"
"Animalia","Arthropoda","Insecta","Diptera","Ceratitis capitata","Terrestrial","South America","Agriculture","Damage_costs",2004,2004,2004,NA,2004,2004,9e+07,116795707.226684,9e+07,24384262.9671575,2004,21002.8104798945,0,0,0,0,0,0,0,0,0,0,0,0,0,0,0,0,0,0,0,0,0,0,0,1,9.1,35209336044,"all_other","AS"
"Animalia","Arthropoda","Insecta","Diptera","Cochliomyia hominivorax","Terrestrial","North America","Agriculture","Damage_costs",3982,3982,3982,NA,3982,3982,4e+08,711674334.010038,4e+08,10821.6987722707,3982,0.000758884906891355,0,2,0,0,0,0,0,0,0,0,0,2,0,2,0,0,0,0,2,0,2,0,2,0,34.2,3.5716e+11,"all_agri","Diverse"
"Animalia","Arthropoda","Insecta","Diptera","Cochliomyia hominivorax","Terrestrial","North America","Agriculture","Damage_costs",3982,3982,3982,NA,3982,3982,4e+08,711674334.010038,4e+08,158574.88805181,3982,0.198169067797813,0,2,0,0,0,0,0,0,0,0,0,2,0,2,0,0,0,0,2,0,2,0,2,0,34.2,3.5716e+11,"all_fish","AS"
"Animalia","Arthropoda","Insecta","Diptera","Cochliomyia hominivorax","Terrestrial","North America","Agriculture","Damage_costs",3982,3982,3982,NA,3982,3982,4e+08,711674334.010038,4e+08,20961.870040514,3982,0.0098505028385874,0,2,0,0,0,0,0,0,0,0,0,2,0,2,0,0,0,0,2,0,2,0,2,0,34.2,3.5716e+11,"all_pet","AS"
"Animalia","Arthropoda","Insecta","Diptera","Drosophila suzukii","Terrestrial","Europe","Agriculture","Damage_costs",8049,8058,8048,NA,8048,8050,10392720,14863812.9317805,10392720,27319.0227610052,8050,0.00631070056849276,4,0,0,0,0,0,0,0,4,0,4,0,0,0,0,0,0,0,4,0,0,0,4,0,35.2,153752531568,"all_agri","Diverse"
"Animalia","Arthropoda","Insecta","Diptera","Drosophila suzukii","Terrestrial","Europe","Agriculture","Damage_costs",8049,8058,8048,NA,8048,8050,10392720,14863812.9317805,10392720,4874.51130059599,8050,0.00347434875309764,4,0,0,0,0,0,0,0,4,0,4,0,0,0,0,0,0,0,4,0,0,0,4,0,35.2,153752531568,"all_pet","AS"
"Animalia","Arthropoda","Insecta","Diptera","Drosophila suzukii","Terrestrial","Europe","Agriculture","Management_costs",4025,4030,4024,4026,4024,4026,1971336,2754859.26921245,1971336,23904.1624118911,4026,0.0355716702557903,2,0,0,0,0,0,0,0,2,0,2,0,0,0,0,0,0,0,2,0,0,0,2,0,17.6,76876265784,"all_agri","Diverse"
"Animalia","Arthropoda","Insecta","Diptera","Drosophila suzukii","Terrestrial","Europe","Agriculture","Management_costs",4025,4030,4024,4026,4024,4026,1971336,2754859.26921245,1971336,18775.1424881024,4026,0.00433706225181392,2,0,0,0,0,0,0,0,2,0,2,0,0,0,0,0,0,0,2,0,0,0,2,0,17.6,76876265784,"all_pet","SA"
"Animalia","Arthropoda","Insecta","Diptera","Drosophila suzukii","Terrestrial","North America","Agriculture","Damage_costs",4025,4027,4025,NA,4025,4025,30058238,31666086.9375405,30058238,624212.119466978,4025,0.144193143790016,2,0,0,0,0,0,0,0,2,0,2,0,0,0,0,0,0,0,2,0,0,0,2,0,34.2,3.5716e+11,"all_agri","SA"
"Animalia","Arthropoda","Insecta","Diptera","Drosophila suzukii","Terrestrial","North America","Agriculture","Damage_costs",4025,4027,4025,NA,4025,4025,30058238,31666086.9375405,30058238,78120.7498910791,4025,0.0976265307311661,2,0,0,0,0,0,0,0,2,0,2,0,0,0,0,0,0,0,2,0,0,0,2,0,34.2,3.5716e+11,"all_pet","AF"
"Animalia","Arthropoda","Insecta","Diptera","Liriomyza huidobrensis","Terrestrial","Europe","Agriculture","Management_costs",2002,2007,2002,2002,2002,2002,4.5e+07,9075723.35772686,4.5e+07,1123333.64404532,2007,0.259490331264801,0,0,0,0,0,0,0,0,0,0,0,0,0,0,0,0,0,0,0,0,0,0,0,1,10.4,7874108402,"all_other","SA"
"Animalia","Arthropoda","Insecta","Hemiptera","Bemisia tabaci","Terrestrial","North America","Agriculture","Damage_costs",7978,7998,7976,NA,7978,7978,596500000,860889022.265314,596500000,361832809.529444,7989,474.482845967808,0,0,0,0,0,0,0,0,0,0,0,0,0,0,0,0,0,0,0,0,0,0,0,4,56.8,574935052915,"all_other","SA"
"Animalia","Arthropoda","Insecta","Hemiptera","Diuraphis noxia","Terrestrial","North America","Agriculture","Damage_costs",17905,17937,17876,17933,17877,17933,4.008e+09,6800848849.14915,5.08e+08,34175.5210916108,17937,0.00789455326671537,0,0,0,0,0,0,0,0,0,0,0,0,0,0,0,0,0,0,0,0,0,0,0,9,153.9,1.60722e+12,"all_other","AS"
"Animalia","Arthropoda","Insecta","Hemiptera","Elatobium abietinum","Terrestrial","Europe","Forestry","Damage_costs",2010,2010,2010,NA,2010,2010,3569324,6199723.03054907,3569324,1627444.21348606,2010,0.37593998925527,0,0,0,0,0,0,0,0,0,0,0,0,0,0,0,0,0,0,0,0,0,0,0,1,9.6,17431087145,"all_other","AS"
"Animalia","Arthropoda","Insecta","Hemiptera","Maconellicoccus hirsutus","Terrestrial","Central America","Agriculture","Damage_costs",2003,2003,NA,NA,2003,2003,18300000,24384262.9671575,18300000,9547.12268314212,2003,0.0390475365363686,0,0,0,0,0,0,0,0,0,0,0,0,0,0,0,0,0,0,0,0,0,0,0,1,4.8,60466666.67,"all_other","Diverse"
"Animalia","Arthropoda","Insecta","Hemiptera","Maconellicoccus hirsutus","Terrestrial","North America","Health","Management_costs",6045,6057,6042,6048,6042,6048,39000,39000,13000,7455.90426374371,6051,0.003503714409654,0,0,0,0,0,0,0,0,0,0,0,0,0,0,0,0,0,0,0,0,0,0,0,3,16.5,117585158745,"all_other","Diverse"
"Animalia","Arthropoda","Insecta","Hemiptera","Rastrococcus invadens","Terrestrial","Africa","Agriculture","Management_costs",11931,11946,11931,11931,11931,11931,173640,366768.425737357,173640,1771.47864940758,11931,0.00113338365285194,0,0,0,0,0,0,0,0,0,0,0,0,0,0,0,0,0,0,0,0,0,0,0,6,37.2,6830006886,"all_other","SA"
"Animalia","Arthropoda","Insecta","Hymenoptera","Sirex noctilio","Terrestrial","South America","Forestry","Management_costs",12015,12030,NA,NA,12000,12030,23012652,9947537.38493433,3835442,4338996121.73369,12030,1762.09974021318,0,0,0,0,0,0,0,0,0,0,0,0,0,0,0,0,0,0,0,0,0,0,0,6,54.6,211256016264,"all_other","Diverse"
"Animalia","Arthropoda","Insecta","Hymenoptera","Solenopsis invicta","Terrestrial","North America","Agriculture","Damage_costs",1981,1982,1981,NA,1981,1981,1.25e+08,317512413.644215,1.25e+08,1500000,1982,85.7142857142857,0,0,0,0,1,0,0,1,0,1,0,0,0,1,0,1,0,0,1,0,1,0,1,0,17.1,1.7858e+11,"all_agri","Diverse"
"Animalia","Arthropoda","Insecta","Hymenoptera","Solenopsis invicta","Terrestrial","North America","Agriculture","Damage_costs",1981,1982,1981,NA,1981,1981,1.25e+08,317512413.644215,1.25e+08,192065777.537319,1982,1645.8078623592,0,0,0,0,1,0,0,1,0,1,0,0,0,1,0,1,0,0,1,0,1,0,1,0,17.1,1.7858e+11,"all_fish","OC"
"Animalia","Arthropoda","Insecta","Hymenoptera","Solenopsis invicta","Terrestrial","North America","Agriculture","Damage_costs",1981,1982,1981,NA,1981,1981,1.25e+08,317512413.644215,1.25e+08,1152807253.97973,1982,23913.627933888,0,0,0,0,1,0,0,1,0,1,0,0,0,1,0,1,0,0,1,0,1,0,1,0,17.1,1.7858e+11,"all_pet","SA"
"Animalia","Arthropoda","Insecta","Hymenoptera","Solenopsis invicta","Terrestrial","North America","Health","Damage_costs",1979,1982,1979,NA,1979,1979,2840000,7213882.03799657,2840000,48753.9915560336,1982,0.0304935252159996,0,0,0,0,1,0,0,1,0,1,0,0,0,1,0,1,0,0,1,0,1,0,1,0,17.1,1.7858e+11,"all_agri","NAm"
"Animalia","Arthropoda","Insecta","Hymenoptera","Solenopsis invicta","Terrestrial","North America","Health","Damage_costs",1979,1982,1979,NA,1979,1979,2840000,7213882.03799657,2840000,326238.189886701,1982,0.15330742005954,0,0,0,0,1,0,0,1,0,1,0,0,0,1,0,1,0,0,1,0,1,0,1,0,17.1,1.7858e+11,"all_fish","NAm"
"Animalia","Arthropoda","Insecta","Hymenoptera","Solenopsis invicta","Terrestrial","North America","Health","Damage_costs",1979,1982,1979,NA,1979,1979,2840000,7213882.03799657,2840000,228.020068151381,1982,0.000162523213222652,0,0,0,0,1,0,0,1,0,1,0,0,0,1,0,1,0,0,1,0,1,0,1,0,17.1,1.7858e+11,"all_pet","NAm"
"Animalia","Arthropoda","Insecta","Lepidoptera","Chilo partellus","Terrestrial","Africa","Agriculture","Damage_costs",50275,50425,50225,50325,50225,50325,2017500000,2060474969.32384,2017500000,610204.013032356,50400,0.140957267967742,0,0,0,0,0,0,0,0,0,0,0,0,0,0,0,0,0,0,0,0,0,0,0,25,139,392059841115,"all_other","Diverse"
"Animalia","Arthropoda","Insecta","Lepidoptera","Ephestia kuehniella","Terrestrial","Europe","Agriculture","Damage_costs",2003,2003,2003,NA,2003,2003,780000,1173012.59965307,780000,45574613.187553,2003,35.0573947596561,0,0,0,0,0,0,0,0,0,0,0,0,0,0,0,0,0,0,0,0,0,0,0,1,11.2,30403514095,"all_other","AS"
"Animalia","Arthropoda","Insecta","Lepidoptera","Ephestia kuehniella","Terrestrial","Europe","Agriculture","Management_costs",6009,6009,6009,NA,6009,6009,3304000,4257382.17451375,3304000,3303058.42308357,6006,0.231631025461681,0,0,0,0,0,0,0,0,0,0,0,0,0,0,0,0,0,0,0,0,0,0,0,3,33.6,91210542285,"all_other","Diverse"
"Animalia","Arthropoda","Insecta","Lepidoptera","Lymantria dispar","Terrestrial","North America","Forestry","Damage_costs",5964,5998,5964,NA,5964,5964,3237410000,4338996121.73369,3237410000,1835604.52866825,5964,0.82462018358861,0,0,0,0,0,0,0,0,0,0,0,0,0,0,0,0,0,0,0,0,0,0,0,3,44.8,NA,"all_other","NAm"
"Animalia","Arthropoda","Insecta","Lepidoptera","Lymantria dispar","Terrestrial","North America","Forestry",NA,1981,2012,1981,NA,1981,1981,7.64e+08,815663430.397225,7.64e+08,21986.2624185112,2012,0.00987702714218833,0,0,0,0,0,0,0,0,0,0,0,0,0,0,0,0,0,0,0,0,0,0,0,1,17.1,1.7858e+11,"all_other","Diverse"
"Animalia","Arthropoda","Insecta","Lepidoptera","Lymantria dispar","Terrestrial","Oceania","Forestry","Damage_costs",2004,2004,NA,NA,2004,2004,290500000,249880869.889048,290500000,26616.09197109,2004,0.0119569146321159,0,0,0,0,0,0,0,0,0,0,0,0,0,0,0,0,0,0,0,0,0,0,0,1,9.2,NA,"all_other","Diverse"
"Animalia","Arthropoda","Insecta","Lepidoptera","Pectinophora gossypiella","Terrestrial","North America","Agriculture","Mixed_costs",2001,2001,2001,NA,2001,2001,21600000,29901635.9186748,21600000,373443.389159418,2001,0.167764325767933,0,0,0,0,0,0,0,0,0,0,0,0,0,0,0,0,0,0,0,0,0,0,0,1,17.1,1.7858e+11,"all_other","Diverse"
"Animalia","Arthropoda","Insecta","Lepidoptera","Spodoptera frugiperda","Terrestrial","Africa","Agriculture","Damage_costs",24216,24216,24216,24216,24216,24216,2980200000,2909141788.58799,2980200000,2946465303.11021,24216,206.624495309271,0,0,0,0,12,0,0,0,12,0,0,0,0,0,0,0,0,0,0,0,0,0,12,12,58.5,163616560970,"all_pet","EUR"
"Animalia","Arthropoda","Insecta","Lepidoptera","Spodoptera frugiperda","Terrestrial","Africa","Agriculture","Damage_costs",24216,24216,24216,24216,24216,24216,2980200000,2909141788.58799,2980200000,158630.382929816,24216,0.0366436551004426,0,0,0,0,12,0,0,0,12,0,0,0,0,0,0,0,0,0,0,0,0,0,12,12,58.5,163616560970,"all_other","Diverse"
"Animalia","Arthropoda","Insecta","Lepidoptera","Tuta absoluta","Terrestrial","Africa","Agriculture","Damage_costs",64436,64568,64396,64476,64396,64476,1163750000,1152807253.97973,1163750000,67004170.8791952,64536,116.752345145836,0,0,0,0,0,0,0,0,0,0,0,0,0,0,0,0,0,0,0,0,0,0,0,32,151.6,557467154188,"all_other","Diverse"
"Animalia","Arthropoda","Insecta","Thysanoptera","Scirtothrips perseae","Terrestrial","North America","Agriculture","Damage_costs",2003,2003,2003,NA,2003,2003,6480000,8634427.54246889,6480000,147781.013468561,2003,0.0966354063011404,0,0,0,0,0,0,0,0,0,0,0,0,0,0,0,0,0,0,0,0,0,0,0,1,17.1,1.7858e+11,"all_other","SA"
"Animalia","Arthropoda","Malacostraca","Decapoda","Carcinus maenas","Aquatic","North America","Fishery","Damage_costs",2000,2006,2000,NA,2000,2000,57509000,55111088.0597889,57509000,378836.659717398,2000,0.0265663856744318,0,1,0,0,0,0,0,1,0,0,0,0,1,0,0,0,0,0,1,0,1,0,1,0,10.6,NA,"all_agri","SA"
"Animalia","Arthropoda","Malacostraca","Decapoda","Carcinus maenas","Aquatic","North America","Fishery","Damage_costs",2000,2006,2000,NA,2000,2000,57509000,55111088.0597889,57509000,49470.5259598206,2000,0.0352605316891095,0,1,0,0,0,0,0,1,0,0,0,0,1,0,0,0,0,0,1,0,1,0,1,0,10.6,NA,"all_fish","Diverse"
"Animalia","Arthropoda","Malacostraca","Decapoda","Carcinus maenas","Aquatic","North America","Fishery","Damage_costs",2000,2006,2000,NA,2000,2000,57509000,55111088.0597889,57509000,4943876.08298416,2000,11.5700352983481,0,1,0,0,0,0,0,1,0,0,0,0,1,0,0,0,0,0,1,0,1,0,1,0,10.6,NA,"all_pet","Diverse"
"Animalia","Arthropoda","Malacostraca","Decapoda","Procambarus clarkii","Aquatic","Europe","Agriculture","Damage_costs",2004,2016,2004,2004,2004,2004,1075000,1215267.46928625,1075000,141869.800760712,2016,0.101118888639139,0,1,0,0,0,0,0,1,0,0,0,1,1,0,0,0,0,0,1,0,1,0,1,0,9,4627910677,"all_agri","AF"
"Animalia","Arthropoda","Malacostraca","Decapoda","Procambarus clarkii","Aquatic","Europe","Agriculture","Damage_costs",2004,2016,2004,2004,2004,2004,1075000,1215267.46928625,1075000,26457.639339461,2016,0.0330637832285191,0,1,0,0,0,0,0,1,0,0,0,1,1,0,0,0,0,0,1,0,1,0,1,0,9,4627910677,"all_fish","AS"
"Animalia","Arthropoda","Malacostraca","Decapoda","Procambarus clarkii","Aquatic","Europe","Agriculture","Damage_costs",2004,2016,2004,2004,2004,2004,1075000,1215267.46928625,1075000,200421.265533442,2016,0.250463965925321,0,1,0,0,0,0,0,1,0,0,0,1,1,0,0,0,0,0,1,0,1,0,1,0,9,4627910677,"all_pet","Diverse"
"Animalia","Arthropoda","Malacostraca","Decapoda","Procambarus clarkii","Aquatic","Europe","Fishery","Management_costs",10055,10075,10045,10065,10045,10065,25000,34936.4500675233,5000,194164.5082,10065,0.0872257449236298,0,5,0,0,0,0,0,5,0,0,0,5,5,0,0,0,0,0,5,0,5,0,5,0,56.5,200665446810,"all_agri","NAm"
"Animalia","Arthropoda","Malacostraca","Decapoda","Procambarus clarkii","Aquatic","Europe","Fishery","Management_costs",10055,10075,10045,10065,10045,10065,25000,34936.4500675233,5000,99218.9861778489,10065,0.0466254634294403,0,5,0,0,0,0,0,5,0,0,0,5,5,0,0,0,0,0,5,0,5,0,5,0,56.5,200665446810,"all_fish","NAm"
"Animalia","Arthropoda","Malacostraca","Decapoda","Procambarus clarkii","Aquatic","Europe","Fishery","Management_costs",10055,10075,10045,10065,10045,10065,25000,34936.4500675233,5000,75933.8075984488,10065,0.035683180262429,0,5,0,0,0,0,0,5,0,0,0,5,5,0,0,0,0,0,5,0,5,0,5,0,56.5,200665446810,"all_pet","NAm"
"Animalia","Chordata","Ascidiacea","Stolidobranchia","Styela clava","Aquatic","North America","Fishery","Damage_costs",2006,2006,2006,NA,2006,2006,42517000,45574613.187553,42517000,539831.026294476,2006,0.490776152938594,0,0,0,0,0,0,0,1,0,0,0,0,0,0,0,0,0,0,0,0,1,0,0,0,10.6,NA,"all_fish","AS"
"Animalia","Chordata","Aves","Anseriformes","Alopochen aegyptiaca","Terrestrial","Europe","Agriculture","Damage_costs",18054,18090,18026,NA,18026,18082,3235924,5161952.69583365,435924,1317194,18082,2.2951629203694,9,0,0,0,0,0,0,0,0,0,0,0,0,0,0,0,0,0,0,0,0,0,9,9,90.4,140911274705,"all_pet","NAm"
"Animalia","Chordata","Aves","Anseriformes","Alopochen aegyptiaca","Terrestrial","Europe","Agriculture","Damage_costs",18054,18090,18026,NA,18026,18082,3235924,5161952.69583365,435924,62045303,18082,108.111697159784,9,0,0,0,0,0,0,0,0,0,0,0,0,0,0,0,0,0,0,0,0,0,9,9,90.4,140911274705,"all_other","NAm"
"Animalia","Chordata","Aves","Anseriformes","Alopochen aegyptiaca","Terrestrial","Europe","Agriculture","Management_costs",2010,2010,2010,NA,2010,2010,1613,2801.69389169368,1613,3028500,2010,5.27705175117616,1,0,0,0,0,0,0,0,0,0,0,0,0,0,0,0,0,0,0,0,0,0,1,1,9.6,17431087145,"all_pet","NAm"
"Animalia","Chordata","Aves","Anseriformes","Alopochen aegyptiaca","Terrestrial","Europe","Agriculture","Management_costs",2010,2010,2010,NA,2010,2010,1613,2801.69389169368,1613,7421.92873284232,2010,0.00348774846468154,1,0,0,0,0,0,0,0,0,0,0,0,0,0,0,0,0,0,0,0,0,0,1,1,9.6,17431087145,"all_other","NAm"
"Animalia","Chordata","Aves","Anseriformes","Branta canadensis","Aquatic/Terrestrial","Europe","Agriculture","Damage_costs",2010,2010,2010,NA,2010,2010,1324103,2299895.40426118,1324103,98235.8889092202,2010,0.401782776724827,1,0,0,0,0,1,0,0,0,0,0,1,0,0,0,0,0,0,0,0,1,0,1,0,9.6,17431087145,"all_fish","NAm"
"Animalia","Chordata","Aves","Anseriformes","Branta canadensis","Aquatic/Terrestrial","Europe","Agriculture","Damage_costs",2010,2010,2010,NA,2010,2010,1324103,2299895.40426118,1324103,9907.64197145504,2010,0.0405220530529858,1,0,0,0,0,1,0,0,0,0,0,1,0,0,0,0,0,0,0,0,1,0,1,0,9.6,17431087145,"all_pet","NAm"
"Animalia","Chordata","Aves","Anseriformes","Branta canadensis","Aquatic/Terrestrial","Europe","Agriculture","Management_costs",2010,2010,2010,NA,2010,2010,85489,148489.776259765,85489,103205.540061998,2010,0.422108548310832,1,0,0,0,0,1,0,0,0,0,0,1,0,0,0,0,0,0,0,0,1,0,1,0,9.6,17431087145,"all_fish","NAm"
"Animalia","Chordata","Aves","Anseriformes","Branta canadensis","Aquatic/Terrestrial","Europe","Agriculture","Management_costs",2010,2010,2010,NA,2010,2010,85489,148489.776259765,85489,327623.2,2010,0.209611772232885,1,0,0,0,0,1,0,0,0,0,0,1,0,0,0,0,0,0,0,0,1,0,1,0,9.6,17431087145,"all_pet","Diverse"
"Animalia","Chordata","Aves","Anseriformes","Cygnus olor","Semi-aquatic","Europe","Agriculture","Damage_costs",2010,2010,2010,NA,2010,2010,25316,43972.5248370225,25316,2484626.02111361,2010,1.36293254038048,0,0,0,0,0,0,0,0,0,1,0,0,0,0,0,0,0,0,0,0,0,0,1,1,9.6,17431087145,"all_pet","SA"
"Animalia","Chordata","Aves","Anseriformes","Cygnus olor","Semi-aquatic","Europe","Agriculture","Damage_costs",2010,2010,2010,NA,2010,2010,25316,43972.5248370225,25316,12088770.3912415,2010,5.82675255321167,0,0,0,0,0,0,0,0,0,1,0,0,0,0,0,0,0,0,0,0,0,0,1,1,9.6,17431087145,"all_other","SA"
"Animalia","Chordata","Aves","Anseriformes","Cygnus olor","Semi-aquatic","Europe","Agriculture","Management_costs",2010,2010,2010,NA,2010,2010,30647,53232.1839421799,30647,17330336.672442,2010,9.50649296348984,0,0,0,0,0,0,0,0,0,1,0,0,0,0,0,0,0,0,0,0,0,0,1,1,9.6,17431087145,"all_pet","SA"
"Animalia","Chordata","Aves","Anseriformes","Cygnus olor","Semi-aquatic","Europe","Agriculture","Management_costs",2010,2010,2010,NA,2010,2010,30647,53232.1839421799,30647,36938868.3581771,2010,8.53288712362603,0,0,0,0,0,0,0,0,0,1,0,0,0,0,0,0,0,0,0,0,0,0,1,1,9.6,17431087145,"all_other","SA"
"Animalia","Chordata","Aves","Galliformes","Phasianus colchicus","Terrestrial","Asia","Agriculture","Damage_costs",20155,20180,20150,20160,20150,20160,32018000,317260.765859632,32018000,587695.965709491,20150,5.03595514746779,0,0,0,0,0,0,0,0,0,0,0,10,0,10,0,0,0,0,10,0,10,0,0,0,109,577972990550,"all_agri","AS"
"Animalia","Chordata","Aves","Galliformes","Phasianus colchicus","Terrestrial","Asia","Agriculture","Damage_costs",20155,20180,20150,20160,20150,20160,32018000,317260.765859632,32018000,4730572.44732099,20150,46.7160008103312,0,0,0,0,0,0,0,0,0,0,0,10,0,10,0,0,0,0,10,0,10,0,0,0,109,577972990550,"all_fish","AS"
"Animalia","Chordata","Aves","Galliformes","Phasianus colchicus","Terrestrial","Europe","Agriculture","Damage_costs",1978,1978,1978,NA,1978,1978,2500000,4676808.46269398,2500000,17369.4599609032,1978,0.00780299189618291,0,0,0,0,0,0,0,0,0,0,0,1,0,1,0,0,0,0,1,0,1,0,0,0,11.2,30403514095,"all_agri","AS"
"Animalia","Chordata","Aves","Galliformes","Phasianus colchicus","Terrestrial","Europe","Agriculture","Damage_costs",1978,1978,1978,NA,1978,1978,2500000,4676808.46269398,2500000,60435206.9298287,1978,27.1496886477218,0,0,0,0,0,0,0,0,0,0,0,1,0,1,0,0,0,0,1,0,1,0,0,0,11.2,30403514095,"all_fish","AS"
"Animalia","Chordata","Aves","Passeriformes","Sturnus vulgaris","Terrestrial","North America","Agriculture","Damage_costs",6011,6011,NA,NA,6011,6011,1601500000,2144707738.62298,1601500000,34903.5201857428,6011,0.0164020301624731,3,0,0,0,0,0,0,0,0,0,0,0,0,0,0,0,0,0,0,0,0,0,3,3,51.3,5.3574e+11,"all_pet","AS"
"Animalia","Chordata","Aves","Passeriformes","Sturnus vulgaris","Terrestrial","North America","Agriculture","Damage_costs",6011,6011,NA,NA,6011,6011,1601500000,2144707738.62298,1601500000,263174.428724227,6011,0.0607933538286503,3,0,0,0,0,0,0,0,0,0,0,0,0,0,0,0,0,0,0,0,0,0,3,3,51.3,5.3574e+11,"all_other","AS"
"Animalia","Chordata","Aves","Passeriformes","Sturnus vulgaris","Terrestrial","South America","Agriculture","Damage_costs",2016,2017,2016,2016,2016,2016,131213353,134008341.75839,131213353,2833956.80753676,2016,3.54156061926613,1,0,0,0,0,0,0,0,0,0,0,0,0,0,0,0,0,0,0,0,0,0,1,1,9.1,35209336044,"all_pet","AS"
"Animalia","Chordata","Aves","Passeriformes","Sturnus vulgaris","Terrestrial","South America","Agriculture","Damage_costs",2016,2017,2016,2016,2016,2016,131213353,134008341.75839,131213353,11222079.7775095,2016,5.07998307246241,1,0,0,0,0,0,0,0,0,0,0,0,0,0,0,0,0,0,0,0,0,0,1,1,9.1,35209336044,"all_other","NAm"
"Animalia","Chordata","Aves","Psittaciformes","Psittacula krameri","Terrestrial","Asia","Agriculture","Damage_costs",3972,3980,3970,3972,3972,3972,114410000,9887752.16596832,114410000,1275107968.24623,3980,89.4185110972112,0,2,0,0,0,0,0,0,0,2,0,0,0,0,0,0,0,0,0,0,0,0,2,2,5.8,139649372210,"all_pet","Diverse"
"Animalia","Chordata","Aves","Psittaciformes","Psittacula krameri","Terrestrial","Asia","Agriculture","Damage_costs",3972,3980,3970,3972,3972,3972,114410000,9887752.16596832,114410000,3484349.96018919,3980,0.244344316983814,0,2,0,0,0,0,0,0,0,2,0,0,0,0,0,0,0,0,0,0,0,0,2,2,5.8,139649372210,"all_other","Diverse"
"Animalia","Chordata","Aves","Psittaciformes","Psittacula krameri","Terrestrial","Europe","Agriculture","Damage_costs",8050,8056,8044,8056,8044,8056,1200,1650.65556291195,1200,34793906.3942822,8056,2.43996538529328,0,4,0,0,0,0,0,0,0,4,0,0,0,0,0,0,0,0,0,0,0,0,4,4,40.4,61740093780,"all_pet","Diverse"
"Animalia","Chordata","Aves","Psittaciformes","Psittacula krameri","Terrestrial","Europe","Agriculture","Damage_costs",8050,8056,8044,8056,8044,8056,1200,1650.65556291195,1200,1397492016.13123,8056,98.0008426459487,0,4,0,0,0,0,0,0,0,4,0,0,0,0,0,0,0,0,0,0,0,0,4,4,40.4,61740093780,"all_other","Diverse"
"Animalia","Chordata","Cephalaspidomorphi","Petromyzontiformes","Petromyzon marinus","Aquatic","North America","Fishery","Damage_costs",1980,2006,1980,NA,1980,1980,137500000,349792739.651538,137500000,85312.5411099684,1980,0.0608072281610608,0,0,0,0,0,0,0,0,0,0,0,0,0,0,0,0,0,0,0,0,0,0,0,1,10.6,NA,"all_other","Diverse"
"Animalia","Chordata","Cephalaspidomorphi","Petromyzontiformes","Petromyzon marinus","Aquatic","North America","Fishery","Management_costs",2005,2005,2005,NA,2005,2005,2515000,3156692.56454023,2515000,99253.7437725265,2005,0.419677563520197,0,0,0,0,0,0,0,0,0,0,0,0,0,0,0,0,0,0,0,0,0,0,0,1,17.1,1.7858e+11,"all_other","Diverse"
"Animalia","Chordata","Mammalia","Artiodactyla","Camelus dromedarius","Terrestrial","Oceania","Agriculture","Damage_costs",2004,2004,2004,NA,2004,2004,210000,200421.265533442,210000,312500,2004,2.90157845868152,0,0,0,0,0,0,0,0,0,0,0,0,0,0,0,0,0,0,0,0,0,0,0,1,9.2,35915981597,"all_other","AF"
"Animalia","Chordata","Mammalia","Artiodactyla","Capra hircus","Terrestrial","Oceania","Agriculture","Damage_costs",8000,8005,7998,NA,8000,8000,30868000,34022170.2459624,30868000,162698.490296327,8002,0.0375833888418403,0,0,0,0,0,0,0,0,0,0,4,0,0,4,0,0,0,0,4,0,0,0,0,0,36.8,143663926388,"all_agri","AF"
"Animalia","Chordata","Mammalia","Carnivora","Neovison vison","Aquatic/Terrestrial","Europe","Agriculture","Damage_costs",2010,2010,2010,NA,2010,2010,111785,194164.5082,111785,11393089.8123134,2010,0.798954404790561,0,0,0,0,0,0,0,0,0,0,0,0,0,1,0,0,0,0,1,0,0,0,0,0,9.6,17431087145,"all_agri","Diverse"
"Animalia","Chordata","Mammalia","Carnivora","Neovison vison","Semi-aquatic","Europe","Agriculture","Damage_costs",2010,2010,2010,NA,2010,2010,77506,134623.736372976,77506,3312.34937337477,2010,0.00236090475650375,0,0,0,0,0,0,0,0,0,0,0,0,0,1,0,0,0,0,1,0,0,0,0,0,9.6,17431087145,"all_agri","Diverse"
"Animalia","Chordata","Mammalia","Carnivora","Neovison vison","Terrestrial","Europe","Agriculture","Damage_costs",2010,2010,2010,NA,2010,2010,23929,41563.3807404452,23929,7362714.4575365,2010,3.30759858829133,0,0,0,0,0,0,0,0,0,0,0,0,0,1,0,0,0,0,1,0,0,0,0,0,9.6,17431087145,"all_agri","NAm"
"Animalia","Chordata","Mammalia","Carnivora","Procyon lotor","Terrestrial","Asia","Agriculture","Damage_costs",84303,84642,84282,84324,84282,84324,8270472000,91582490.792153,8270472000,83.7746958815747,84282,5.97111160952065e-05,0,42,0,0,0,0,0,0,0,42,0,0,0,0,0,0,0,0,0,0,0,0,42,42,457.8,2427486560310,"all_pet","EUR"
"Animalia","Chordata","Mammalia","Carnivora","Procyon lotor","Terrestrial","Asia","Agriculture","Damage_costs",84303,84642,84282,84324,84282,84324,8270472000,91582490.792153,8270472000,28466.6572266036,84282,0.0579768986285205,0,42,0,0,0,0,0,0,0,42,0,0,0,0,0,0,0,0,0,0,0,0,42,42,457.8,2427486560310,"all_other","NAm"
"Animalia","Chordata","Mammalia","Carnivora","Vulpes vulpes","Terrestrial","Oceania","Agriculture","Damage_costs",6027,6029,6026,NA,6027,6027,67480000,57436473.404296,67480000,7887.29357250936,6029,0.005621734549187,0,0,0,0,0,0,0,0,0,0,0,3,0,0,0,0,0,0,0,0,3,0,0,0,27.6,107747944791,"all_fish","AS"
"Animalia","Chordata","Mammalia","Cetartiodactyla","Muntiacus reevesi","Terrestrial","Asia","Agriculture","Damage_costs",52299,52468,52286,52312,52286,52312,5.8e+07,598946.876875082,5.8e+07,303366.90285653,52286,0.142559634801001,0,0,0,0,0,0,0,0,0,26,0,26,0,0,0,0,0,0,0,0,26,0,26,0,283.4,1502729775430,"all_fish","SA"
"Animalia","Chordata","Mammalia","Cetartiodactyla","Muntiacus reevesi","Terrestrial","Asia","Agriculture","Damage_costs",52299,52468,52286,52312,52286,52312,5.8e+07,598946.876875082,5.8e+07,11269779.5586025,52286,8.03262976379364,0,0,0,0,0,0,0,0,0,26,0,26,0,0,0,0,0,0,0,0,26,0,26,0,283.4,1502729775430,"all_pet","SA"
"Animalia","Chordata","Mammalia","Lagomorpha","Oryctolagus cuniculus","Terrestrial","Europe","Agriculture","Damage_costs",4011,4011,4011,NA,4011,4011,1383277000,1979544246.80738,1383277000,106078.176147215,4011,0.0756081084442017,0,0,0,0,0,0,0,0,0,0,0,0,2,0,0,0,0,0,2,0,0,0,0,0,19.2,34862174290,"all_agri","SA"
"Animalia","Chordata","Mammalia","Lagomorpha","Oryctolagus cuniculus","Terrestrial","Europe","Forestry","Damage_costs",2010,2010,2010,NA,2010,2010,62017000,107720179.839533,62017000,126248958.473212,2010,8.85336314678909,0,0,0,0,0,0,0,0,0,0,0,0,1,0,0,0,0,0,1,0,0,0,0,0,9.6,17431087145,"all_agri","Diverse"
"Animalia","Chordata","Mammalia","Lagomorpha","Oryctolagus cuniculus","Terrestrial","Oceania","Agriculture","Damage_costs",17995,17998,17994,NA,17995,17995,1293550000,1174646722.91127,1293550000,1187.65519982111,17997,0.0589992647700501,0,0,0,0,0,0,0,0,0,0,0,0,9,0,0,0,0,0,9,0,0,0,0,0,82.8,323243834373,"all_agri","SA"
"Animalia","Chordata","Mammalia","Lagomorpha","Oryctolagus cuniculus","Terrestrial","South America","Agriculture","Damage_costs",2016,2016,2016,2016,2016,2016,239941,245052.007243881,239941,25407.2237200931,2016,0.0119394848308708,0,0,0,0,0,0,0,0,0,0,0,0,1,0,0,0,0,0,1,0,0,0,0,0,9,10760560642,"all_agri","Diverse"
"Animalia","Chordata","Mammalia","Lagomorpha","Oryctolagus cuniculus","Terrestrial","South America","Forestry","Damage_costs",2016,2016,2016,2016,2016,2016,26398,26960.3064387661,26398,285.766666415287,2016,0.000134288846999665,0,0,0,0,0,0,0,0,0,0,0,0,1,0,0,0,0,0,1,0,0,0,0,0,9,10760560642,"all_agri","Diverse"
"Animalia","Chordata","Mammalia","Rodentia","Callosciurus erythraeus","Terrestrial","Asia","Agriculture","Damage_costs",64314,64576,64298,64330,64298,64330,1.8e+08,1982724.10998177,1.8e+08,593588.348553379,64298,0.7417999856953,32,32,0,0,0,0,0,0,0,32,0,0,0,0,0,0,0,0,0,0,0,0,32,32,348.8,1849513569760,"all_pet","SA"
"Animalia","Chordata","Mammalia","Rodentia","Callosciurus erythraeus","Terrestrial","Asia","Agriculture","Damage_costs",64314,64576,64298,64330,64298,64330,1.8e+08,1982724.10998177,1.8e+08,2036896.30478603,64298,17.4541242912256,32,32,0,0,0,0,0,0,0,32,0,0,0,0,0,0,0,0,0,0,0,0,32,32,348.8,1849513569760,"all_other","SA"
"Animalia","Chordata","Mammalia","Rodentia","Castor canadensis","Aquatic","South America","Agriculture","Damage_costs",2016,2017,2016,2016,2016,2016,165976,165976,165976,857.293140900735,2017,0.00040286331809245,0,0,0,0,0,0,0,0,0,0,0,0,0,1,0,0,0,0,1,0,0,0,0,0,9.1,35209336044,"all_agri","Diverse"
"Animalia","Chordata","Mammalia","Rodentia","Castor canadensis","Aquatic","South America","Forestry","Damage_costs",2016,2017,2016,2016,2016,2016,3028500,3028500,3028500,608.173722775446,2017,0.000433480914308942,0,0,0,0,0,0,0,0,0,0,0,0,0,1,0,0,0,0,1,0,0,0,0,0,9.1,35209336044,"all_agri","Diverse"
"Animalia","Chordata","Mammalia","Rodentia","Castor canadensis","Aquatic/Terrestrial","South America","Agriculture","Damage_costs",2016,2016,2016,2016,2016,2016,96187,98235.8889092202,96187,5484321.09124715,2016,254.114876398952,0,0,0,0,0,0,0,0,0,0,0,0,0,1,0,0,0,0,1,0,0,0,0,0,9,10760560642,"all_agri","SA"
"Animalia","Chordata","Mammalia","Rodentia","Mus musculus","Terrestrial","Oceania","Agriculture","Damage_costs",2004,2004,2004,NA,2004,2004,23110000,22055883.0784659,23110000,676490.811628245,2004,0.231833725712215,0,0,0,0,0,0,0,0,0,0,0,0,0,0,0,0,0,0,0,0,0,0,0,1,9.2,35915981597,"all_other","Diverse"
"Animalia","Chordata","Mammalia","Rodentia","Mus musculus","Terrestrial","Oceania","Health","Damage_costs",1989,1989,1989,NA,1989,1989,2400000,3752600.17998831,2400000,120344.106455788,1989,0.054062940905565,0,0,0,0,0,0,0,0,0,0,0,0,0,0,0,0,0,0,0,0,0,0,0,1,9.2,35915981597,"all_other","NAm"
"Animalia","Chordata","Mammalia","Rodentia","Myocastor coypus","Semi-aquatic","Europe","Agriculture","Damage_costs",48003,48222,47916,48090,47916,48090,8952204,14065641.5698312,1586050,36826.7526117594,48222,0.0262485763448036,0,0,0,0,0,0,0,0,0,0,0,0,0,0,0,0,0,0,0,0,0,0,0,24,211.2,922515189408,"all_other","NAm"
"Animalia","Chordata","Mammalia","Rodentia","Myocastor coypus","Terrestrial","Asia","Agriculture","Damage_costs",72324,72648,72306,72342,72306,72342,3.25e+09,36938868.3581771,3.25e+09,46490977.8627632,72306,20.8705896087255,0,0,0,0,0,0,0,0,0,0,0,0,0,0,0,0,0,0,0,0,0,0,0,36,392.4,2080702765980,"all_other","NAm"
"Animalia","Chordata","Mammalia","Rodentia","Ondatra zibethicus","Semi-aquatic","Europe","Fishery","Damage_costs",2003,2003,2003,NA,2003,2003,1600000,2061686.28305751,1600000,5143.75884540441,2002,0.0024171799085547,0,0,0,0,0,0,0,0,0,0,0,0,0,0,0,0,0,0,0,0,0,0,0,1,11.2,30403514095,"all_other","NAm"
"Animalia","Chordata","Mammalia","Rodentia","Ondatra zibethicus","Terrestrial","Europe","Health","Damage_costs",2003,2003,2003,NA,2003,2003,4600000,6917766.61333861,4600000,25788.699174589,2003,0.0183811113147462,0,0,0,0,0,0,0,0,0,0,0,0,0,0,0,0,0,0,0,0,0,0,0,1,11.2,30403514095,"all_other","AF"
"Animalia","Chordata","Mammalia","Rodentia","Rattus rattus","Terrestrial","Asia","Agriculture","Damage_costs",4023,4026,4022,4024,4022,4024,19274000,263174.428724227,19274000,25903282.6274067,4022,1.81649948298784,0,0,0,0,0,0,0,0,0,0,0,0,0,0,0,0,0,0,0,0,0,0,0,2,21.8,115594598110,"all_other","Diverse"
"Animalia","Chordata","Mammalia","Rodentia","Rattus rattus","Terrestrial","Oceania","Agriculture","Damage_costs",1998,1998,1998,NA,1998,1998,3e+06,2833956.80753676,3e+06,826339.653308184,1998,0.0579480822796763,0,0,0,0,0,0,0,0,0,0,0,0,0,0,0,0,0,0,0,0,0,0,0,1,9.2,35915981597,"all_other","Diverse"
"Animalia","Chordata","Mammalia","Rodentia","Sciurus carolinensis","Terrestrial","Europe","Forestry","Damage_costs",4021,4023,4021,NA,4021,4021,12084802,18458749.1965224,12084802,31.8994912842939,4021,0.00094237788136762,0,0,0,0,0,0,0,0,0,0,0,0,0,0,0,0,0,0,0,0,0,0,0,2,19.2,34862174290,"all_other","Diverse"
"Animalia","Chordata","Reptilia","Squamata","Boiga irregularis","Terrestrial","Oceania","Health","Damage_costs",4005,4005,4005,NA,4005,4005,50000,66965.1205252321,50000,6405.73374657507,4005,0.000449209940152529,0,2,0,0,0,0,0,0,0,0,0,0,0,0,0,0,0,0,0,0,0,0,2,2,34.2,3.5716e+11,"all_pet","Diverse"
"Animalia","Chordata","Reptilia","Squamata","Boiga irregularis","Terrestrial","Oceania","Health","Damage_costs",4005,4005,4005,NA,4005,4005,50000,66965.1205252321,50000,113449530.529065,4005,1693.89007261846,0,2,0,0,0,0,0,0,0,0,0,0,0,0,0,0,0,0,0,0,0,0,2,2,34.2,3.5716e+11,"all_other","Diverse"
"Animalia","Mollusca","Bivalvia","Myida","Dreissena polymorpha","Aquatic","North America","Fishery","Management_costs",4012,4012,4012,NA,4012,4012,2790000,3484349.96018919,2790000,6858.34512720588,4012,0.0032229065447396,0,0,0,0,0,0,0,2,0,0,0,0,0,0,0,0,0,0,0,0,2,0,0,0,34.2,3.5716e+11,"all_fish","NAm"
"Animalia","Mollusca","Gastropoda","Architaenioglossa","Pomacea canaliculata","Aquatic","Asia","Agriculture","Damage_costs",21835,21956,21780,21890,21780,21890,8937500000,16767061236.3672,812500000,92650993.2245751,21890,188.69856053885,0,11,0,0,0,0,0,11,0,0,0,0,0,0,0,0,0,0,0,0,11,0,11,0,48.4,333373866903,"all_fish","SA"
"Animalia","Mollusca","Gastropoda","Architaenioglossa","Pomacea canaliculata","Aquatic","Asia","Agriculture","Damage_costs",21835,21956,21780,21890,21780,21890,8937500000,16767061236.3672,812500000,1388.61742568798,21890,0.0028281413965132,0,11,0,0,0,0,0,11,0,0,0,0,0,0,0,0,0,0,0,0,11,0,11,0,48.4,333373866903,"all_pet","NAm"
"Animalia","Mollusca","Gastropoda","Architaenioglossa","Pomacea canaliculata","Aquatic","Asia","Agriculture","Mixed_costs",3980,3992,3980,NA,3980,3980,73100000,137138145.608777,73100000,23980.2733309504,3980,0.0170921406492875,0,2,0,0,0,0,0,2,0,0,0,0,0,0,0,0,0,0,0,0,2,0,2,0,8.8,60613430346,"all_fish","NAm"
"Animalia","Mollusca","Gastropoda","Architaenioglossa","Pomacea canaliculata","Aquatic","Asia","Agriculture","Mixed_costs",3980,3992,3980,NA,3980,3980,73100000,137138145.608777,73100000,796936.605100028,3980,0.56802323955811,0,2,0,0,0,0,0,2,0,0,0,0,0,0,0,0,0,0,0,0,2,0,2,0,8.8,60613430346,"all_pet","NAm"
"Animalia","Mollusca","Gastropoda","Pulmonata","Achatina fulica","Terrestrial","South America","Agriculture","Management_costs",10075,10085,10065,10085,10065,10085,3125000,3125000,625000,3423.1378199524,10085,0.00243987014964533,0,5,0,0,5,0,0,0,0,0,5,0,5,0,0,0,0,0,5,0,0,0,5,0,41.5,48650155000,"all_agri","SA"
"Animalia","Mollusca","Gastropoda","Pulmonata","Achatina fulica","Terrestrial","South America","Agriculture","Management_costs",10075,10085,10065,10085,10065,10085,3125000,3125000,625000,170799.197972348,10085,0.120357290047592,0,5,0,0,5,0,0,0,0,0,5,0,5,0,0,0,0,0,5,0,0,0,5,0,41.5,48650155000,"all_pet","NAm"
"Animalia","Mollusca","Gastropoda","Stylommatophora","Achatina fulica","Terrestrial","Asia","Agriculture","Damage_costs",3997,4036,3997,3997,3997,3997,29181000,325396.980592653,29181000,78041.9542377372,3997,0.158944916981135,0,2,0,0,2,0,0,0,0,0,2,0,2,0,0,0,0,0,2,0,0,0,2,0,21.8,115594598110,"all_agri","Diverse"
"Animalia","Mollusca","Gastropoda","Stylommatophora","Achatina fulica","Terrestrial","Asia","Agriculture","Damage_costs",3997,4036,3997,3997,3997,3997,29181000,325396.980592653,29181000,18119.7185404005,3997,0.294581670304023,0,2,0,0,2,0,0,0,0,0,2,0,2,0,0,0,0,0,2,0,0,0,2,0,21.8,115594598110,"all_pet","Diverse"
"Chromista","Ochrophyta","Dictyochophyaceae","Florenciellales","Pseudochattonella verruculosa","Aquatic","Europe","Fishery","Damage_costs",2001,2007,2001,2001,2001,2001,2.5e+07,5042068.53207048,2.5e+07,10844367.5137006,2007,0.760474580203411,0,0,0,0,0,0,0,0,0,0,0,0,0,0,0,0,0,0,0,0,0,0,0,1,10.4,7874108402,"all_other","Diverse"
"Fungi","Ascomycota","Leotiomycetes","Helotiales","Gremmeniella abietina","Terrestrial","North America","Forestry","Damage_costs",2002,2006,2002,NA,2002,2002,6629120000,5925029749.27516,6629120000,18612.7178999575,2001,0.0132663705630489,0,0,0,0,0,0,0,0,0,0,0,0,0,0,0,0,0,0,0,0,0,0,0,1,10.6,NA,"all_other","OC"
"Fungi","Ascomycota","Sordariomycetes","Ophiostomatales","Ophiostoma ulmi","Terrestrial","Europe","Forestry","Damage_costs",2006,2009,2006,NA,2006,2006,1.031e+09,169906808.454294,1.031e+09,3107.2424073949,2006,0.00632839594174114,0,0,0,0,0,0,0,0,0,0,0,0,0,0,0,0,0,0,0,0,0,0,0,1,11,7801507277,"all_other","OC"
"Fungi","Ascomycota","Sordariomycetes","Ophiostomatales","Ophiostoma ulmi","Terrestrial","Europe","Forestry","Management_costs",2006,2009,2006,NA,2006,2006,3.7e+07,6097528.52842763,3.7e+07,757950.681088745,2006,1.54368774152494,0,0,0,0,0,0,0,0,0,0,0,0,0,0,0,0,0,0,0,0,0,0,0,1,11,7801507277,"all_other","OC"
"Fungi","Basidiomycota","Pucciniomycetes","Pucciniales","Cronartium ribicola","Terrestrial","North America","Forestry","Damage_costs",2002,2006,2002,NA,2002,2002,1932690000,1727415666.95528,1932690000,5223045.19718588,2001,10.6375665930466,0,0,0,0,0,0,0,0,0,0,0,0,0,0,0,0,0,0,0,0,0,0,0,1,10.6,NA,"all_other","OC"
"Fungi","Chytridiomycota","Chytridiomycetes","Synchytriales","Synchytrium endobioticum","Terrestrial","North America","Agriculture","Damage_costs",4002,4012,4002,NA,4002,4002,289340000,258608700.348655,289340000,12548489.3787985,4002,25.5570048448035,0,0,0,0,0,0,0,0,0,0,0,0,0,0,0,0,0,0,0,0,0,0,0,2,21.2,NA,"all_other","OC"
"Plantae","Tracheophyta","Magnoliopsida","Apiales","Heracleum mantegazzianum","Terrestrial","Europe","Health","Damage_costs",2003,2003,2003,NA,2003,2003,1050000,1352981.62325649,1050000,155726305.05348,2002,317.161517420529,1,0,0,0,1,0,0,0,0,1,0,0,0,0,0,1,0,1,1,0,0,0,1,0,11.2,30403514095,"all_agri","Diverse"
"Plantae","Tracheophyta","Magnoliopsida","Apiales","Heracleum mantegazzianum","Terrestrial","Europe","Health","Damage_costs",2003,2003,2003,NA,2003,2003,1050000,1352981.62325649,1050000,2868.38908041374,2002,0.00204446833956788,1,0,0,0,1,0,0,0,0,1,0,0,0,0,0,1,0,1,1,0,0,0,1,0,11.2,30403514095,"all_pet","Diverse"
"Plantae","Tracheophyta","Magnoliopsida","Arecales","Elaeis guineensis","Terrestrial","South America","Agriculture","Damage_costs",36162,36180,36162,36162,36162,36162,2561010131554,1355764211.57454,2561010131554,1015993.6272019,36162,0.0712477999440323,0,0,0,0,0,0,0,0,0,0,0,0,0,0,0,0,0,0,0,0,0,0,0,18,129.6,358502414886,"all_other","Diverse"
"Plantae","Tracheophyta","Magnoliopsida","Asterales","Ambrosia artemisiifolia","Aquatic","Europe","Health","Mixed_costs",2001,2002,2001,2001,2001,2001,1774213,2286169.12832644,1774213,10624.8065192835,2002,0.00757291982842731,0,0,0,0,0,0,1,0,0,0,0,0,0,0,0,0,0,1,1,0,0,1,0,0,8.8,38438132892,"all_agri","SA"
"Plantae","Tracheophyta","Magnoliopsida","Asterales","Ambrosia artemisiifolia","Aquatic","Europe","Health","Mixed_costs",2001,2002,2001,2001,2001,2001,1774213,2286169.12832644,1774213,30847072.7425986,2002,62.8249954024411,0,0,0,0,0,0,1,0,0,0,0,0,0,0,0,0,0,1,1,0,0,1,0,0,8.8,38438132892,"all_health","SA"
"Plantae","Tracheophyta","Magnoliopsida","Asterales","Ambrosia artemisiifolia","Terrestrial","Asia","Agriculture","Damage_costs",4022,4024,4022,NA,4022,4022,2.67e+08,404994815.313468,2.67e+08,227.69785146,4022,0.00211418617883008,0,0,0,0,0,0,2,0,0,0,0,0,0,0,0,0,0,2,2,0,0,2,0,0,9.5,107914618144,"all_agri","SA"
"Plantae","Tracheophyta","Magnoliopsida","Asterales","Ambrosia artemisiifolia","Terrestrial","Asia","Agriculture","Damage_costs",4022,4024,4022,NA,4022,4022,2.67e+08,404994815.313468,2.67e+08,246479.593059616,4022,0.501995097881092,0,0,0,0,0,0,2,0,0,0,0,0,0,0,0,0,0,2,2,0,0,2,0,0,9.5,107914618144,"all_health","Diverse"
"Plantae","Tracheophyta","Magnoliopsida","Asterales","Ambrosia artemisiifolia","Terrestrial","Asia","Health","Damage_costs",8044,8048,8044,NA,8044,8044,61300000,92981955.7255265,61300000,8367483.40126496,8044,0.586780042164444,0,0,0,0,0,0,4,0,0,0,0,0,0,0,0,0,0,4,4,0,0,4,0,0,19,215829236288,"all_agri","Diverse"
"Plantae","Tracheophyta","Magnoliopsida","Asterales","Ambrosia artemisiifolia","Terrestrial","Asia","Health","Damage_costs",8044,8048,8044,NA,8044,8044,61300000,92981955.7255265,61300000,9863917.63486424,8044,0.691719329233117,0,0,0,0,0,0,4,0,0,0,0,0,0,0,0,0,0,4,4,0,0,4,0,0,19,215829236288,"all_health","Diverse"
"Plantae","Tracheophyta","Magnoliopsida","Asterales","Ambrosia artemisiifolia","Terrestrial","Europe","Agriculture","Damage_costs",42231,42252,42231,NA,42231,42231,3.284e+09,4981284544.90422,3.284e+09,21.7052422421358,42231,1.54705931875522e-05,0,0,0,0,0,0,21,0,0,0,0,0,0,0,0,0,0,21,21,0,0,21,0,0,172.7,228389462659.4,"all_agri","Diverse"
"Plantae","Tracheophyta","Magnoliopsida","Asterales","Ambrosia artemisiifolia","Terrestrial","Europe","Agriculture","Damage_costs",42231,42252,42231,NA,42231,42231,3.284e+09,4981284544.90422,3.284e+09,111808.01239246,42231,0.0525413592069832,0,0,0,0,0,0,21,0,0,0,0,0,0,0,0,0,0,21,21,0,0,21,0,0,172.7,228389462659.4,"all_health","NAm"
"Plantae","Tracheophyta","Magnoliopsida","Asterales","Ambrosia artemisiifolia","Terrestrial","Europe","Health","Damage_costs",104565,104615,NA,NA,104565,104565,987700000,1448233823.24858,987700000,8022.15974779322,104564,0.00376981191155697,0,0,0,0,0,0,52,0,0,0,0,0,0,0,0,0,0,52,52,0,0,52,0,0,449.4,640278089933.6,"all_agri","Diverse"
"Plantae","Tracheophyta","Magnoliopsida","Asterales","Ambrosia artemisiifolia","Terrestrial","Europe","Health","Damage_costs",104565,104615,NA,NA,104565,104565,987700000,1448233823.24858,987700000,125.771220243084,104564,5.91030170315244e-05,0,0,0,0,0,0,52,0,0,0,0,0,0,0,0,0,0,52,52,0,0,52,0,0,449.4,640278089933.6,"all_health","Diverse"
"Plantae","Tracheophyta","Magnoliopsida","Asterales","Centaurea diffusa","Terrestrial","North America","Agriculture","Damage_costs",1972,1979,1972,NA,1972,1972,350000,1009123.96822849,350000,318702.521217066,1979,3.46905977160189,0,0,0,0,0,0,0,0,0,0,0,0,0,0,0,0,0,0,0,0,0,0,0,1,10.6,NA,"all_other","SA"
"Plantae","Tracheophyta","Magnoliopsida","Asterales","Centaurea solstitialis","Terrestrial","North America","Agriculture","Damage_costs",4006,4014,4006,4006,4006,4006,19440000,25903282.6274067,19440000,111166.532618611,4006,0.0522399119448362,0,0,0,0,0,0,0,0,0,0,0,0,0,0,0,0,0,0,0,0,0,0,0,2,34.2,3.5716e+11,"all_other","Diverse"
"Plantae","Tracheophyta","Magnoliopsida","Asterales","Chromolaena odorata","Terrestrial","Africa","Agriculture","Management_costs",1995,1995,NA,NA,1995,1995,15000,95.6984738528818,15000,95.6984738528818,1991,0.00282713364410286,1,0,0,1,0,0,0,0,0,0,0,0,0,0,0,0,0,1,1,1,0,0,1,0,4.5,8210335571,"all_agri","Diverse"
"Plantae","Tracheophyta","Magnoliopsida","Asterales","Chromolaena odorata","Terrestrial","Africa","Agriculture","Management_costs",1995,1995,NA,NA,1995,1995,15000,95.6984738528818,15000,95.6984738528818,1991,0.00282713364410286,1,0,0,1,0,0,0,0,0,0,0,0,0,0,0,0,0,1,1,1,0,0,1,0,4.5,8210335571,"all_for","Diverse"
"Plantae","Tracheophyta","Magnoliopsida","Asterales","Chromolaena odorata","Terrestrial","Africa","Agriculture","Management_costs",1995,1995,NA,NA,1995,1995,15000,95.6984738528818,15000,95.6984738528818,1991,0.00282713364410286,1,0,0,1,0,0,0,0,0,0,0,0,0,0,0,0,0,1,1,1,0,0,1,0,4.5,8210335571,"all_pet","Diverse"
"Plantae","Tracheophyta","Magnoliopsida","Asterales","Cirsium arvense","Terrestrial","Oceania","Agriculture","Damage_costs",4023,4032,4022,4024,4022,4024,1.37e+09,974004982.196717,1.37e+09,974004982.196717,4032,8346.22949611583,0,0,0,0,0,0,0,0,0,0,0,0,0,0,0,0,0,0,0,0,0,0,0,2,18.4,NA,"all_other","Diverse"
"Plantae","Tracheophyta","Magnoliopsida","Asterales","Mikania micrantha","Terrestrial","Asia","Forestry","Management_costs",5994,5997,5991,5997,5991,5997,4200,123.217817816172,1400,41.072605938724,6003,1.24575692868438e-05,0,0,0,0,3,0,3,0,0,0,0,0,0,3,0,0,3,0,3,3,0,3,3,0,10.5,1.242798e+12,"all_agri","Diverse"
"Plantae","Tracheophyta","Magnoliopsida","Asterales","Mikania micrantha","Terrestrial","Asia","Forestry","Management_costs",5994,5997,5991,5997,5991,5997,4200,123.217817816172,1400,41.072605938724,6003,1.24575692868438e-05,0,0,0,0,3,0,3,0,0,0,0,0,0,3,0,0,3,0,3,3,0,3,3,0,10.5,1.242798e+12,"all_for","Diverse"
"Plantae","Tracheophyta","Magnoliopsida","Asterales","Mikania micrantha","Terrestrial","Asia","Forestry","Management_costs",5994,5997,5991,5997,5991,5997,4200,123.217817816172,1400,41.072605938724,6003,1.24575692868438e-05,0,0,0,0,3,0,3,0,0,0,0,0,0,3,0,0,3,0,3,3,0,3,3,0,10.5,1.242798e+12,"all_health","Diverse"
"Plantae","Tracheophyta","Magnoliopsida","Asterales","Mikania micrantha","Terrestrial","Asia","Forestry","Management_costs",5994,5997,5991,5997,5991,5997,4200,123.217817816172,1400,41.072605938724,6003,1.24575692868438e-05,0,0,0,0,3,0,3,0,0,0,0,0,0,3,0,0,3,0,3,3,0,3,3,0,10.5,1.242798e+12,"all_pet","Diverse"
"Plantae","Tracheophyta","Magnoliopsida","Asterales","Parthenium hysterophorus","Terrestrial","Africa","Agriculture","Damage_costs",40220,40340,40180,40260,40180,40260,333250000,340348591.587196,333250000,340348591.587196,40320,5081.67021785538,0,0,0,0,20,0,20,0,20,0,0,0,0,20,0,0,0,20,20,0,0,20,20,0,91,383835014080,"all_agri","Diverse"
"Plantae","Tracheophyta","Magnoliopsida","Asterales","Parthenium hysterophorus","Terrestrial","Africa","Agriculture","Damage_costs",40220,40340,40180,40260,40180,40260,333250000,340348591.587196,333250000,340348591.587196,40320,5081.67021785538,0,0,0,0,20,0,20,0,20,0,0,0,0,20,0,0,0,20,20,0,0,20,20,0,91,383835014080,"all_health","Diverse"
"Plantae","Tracheophyta","Magnoliopsida","Asterales","Parthenium hysterophorus","Terrestrial","Africa","Agriculture","Damage_costs",40220,40340,40180,40260,40180,40260,333250000,340348591.587196,333250000,340348591.587196,40320,5081.67021785538,0,0,0,0,20,0,20,0,20,0,0,0,0,20,0,0,0,20,20,0,0,20,20,0,91,383835014080,"all_pet","Diverse"
"Plantae","Tracheophyta","Magnoliopsida","Asterales","Pilosella officinarum","Terrestrial","South America","Agriculture","Management_costs",2019,2019,2019,2019,2019,2019,27300,40.8165904074755,27300,40.8165904074755,2019,0.000166939020071474,0,0,0,0,0,0,0,0,0,0,0,0,0,0,0,0,0,0,0,0,0,0,0,1,9,10760560642,"all_other","Diverse"
"Plantae","Tracheophyta","Magnoliopsida","Asterales","Senecio jacobaea","Terrestrial","North America","Agriculture","Damage_costs",1974,1996,1974,1974,1974,1974,592833,2947067.3235677,592833,2947067.3235677,1974,0.206666712732658,0,0,0,0,0,0,0,0,0,0,0,0,0,0,0,0,0,0,0,0,0,0,0,1,17.1,1.7858e+11,"all_other","Diverse"
"Plantae","Tracheophyta","Magnoliopsida","Asterales","Senecio jacobaea","Terrestrial","North America","Agriculture","Management_costs",37677,37924,37506,37848,37506,37848,28500000,141678042.082137,1500000,7456739.05695457,37506,0.522912977346042,0,0,0,0,0,0,0,0,0,0,0,0,0,0,0,0,0,0,0,0,0,0,0,19,324.9,3.39302e+12,"all_other","Diverse"
"Plantae","Tracheophyta","Magnoliopsida","Boraginales","Echium plantagineum","Terrestrial","Oceania","Agriculture","Management_costs",1995,1995,1995,NA,1995,1995,1350000,1609725.7684862,1350000,1609725.7684862,1995,2.01165429703349,0,0,0,0,0,0,0,0,0,0,0,0,0,0,0,0,0,0,0,0,0,0,0,1,9.2,35915981597,"all_other","Diverse"
"Plantae","Tracheophyta","Magnoliopsida","Euphorbiales","Euphorbia esula","Terrestrial","North America","Agriculture","Damage_costs",15944,15952,15944,15944,15944,15944,119683800,203081694.982983,119683800,203081694.982983,15944,14.2413530843607,0,0,0,0,0,0,0,0,0,0,0,0,0,0,0,0,0,0,0,0,0,0,0,8,136.8,1.42864e+12,"all_other","Diverse"
"Plantae","Tracheophyta","Magnoliopsida","Fabales","Cytisus scoparius","Terrestrial","Oceania","Agriculture","Management_costs",1985,2006,1985,1985,1985,1985,3308000,2576087.52137916,3308000,2576087.52137916,1999,22.0744431994787,1,0,0,0,0,0,0,0,0,1,0,0,0,0,0,0,0,0,0,0,0,0,1,1,9.2,NA,"all_pet","Diverse"
"Plantae","Tracheophyta","Magnoliopsida","Fabales","Cytisus scoparius","Terrestrial","Oceania","Agriculture","Management_costs",1985,2006,1985,1985,1985,1985,3308000,2576087.52137916,3308000,2576087.52137916,1999,22.0744431994787,1,0,0,0,0,0,0,0,0,1,0,0,0,0,0,0,0,0,0,0,0,0,1,1,9.2,NA,"all_other","Diverse"
"Plantae","Tracheophyta","Magnoliopsida","Fabales","Ulex europaeus","Terrestrial","Oceania","Agriculture","Management_costs",3969,3970,3968,3970,3968,3970,35636000,47667716.678634,35636000,47667716.678634,3968,408.463724752648,0,0,0,0,0,0,0,0,0,0,0,0,0,0,0,0,0,0,0,0,0,0,0,2,18.4,NA,"all_other","Diverse"
"Plantae","Tracheophyta","Magnoliopsida","Fabales","Ulex europaeus","Terrestrial","Oceania","Forestry","Management_costs",1984,1985,1984,1984,1984,1984,8e+06,10701025.1832156,8e+06,10701025.1832156,1984,91.6968738921647,0,0,0,0,0,0,0,0,0,0,0,0,0,0,0,0,0,0,0,0,0,0,0,1,9.2,NA,"all_other","Diverse"
"Plantae","Tracheophyta","Magnoliopsida","Fabales","Ulex europaeus","Terrestrial","South America","Forestry","Damage_costs",2016,2016,2016,2016,2016,2016,334274,341394.403913634,334274,341394.403913634,2016,1.39629613052611,0,0,0,0,0,0,0,0,0,0,0,0,0,0,0,0,0,0,0,0,0,0,0,1,9,10760560642,"all_other","Diverse"
"Plantae","Tracheophyta","Magnoliopsida","Lamiales","Lantana camara","Terrestrial","Asia","Forestry","Management_costs",1996,2011,1996,1996,1996,1996,70,109.393502284561,70,109.393502284561,1996,3.31797095191268e-05,1,0,0,0,1,0,0,0,0,0,0,0,0,0,0,0,0,0,0,0,0,0,1,1,3.5,4.14266e+11,"all_pet","Diverse"
"Plantae","Tracheophyta","Magnoliopsida","Lamiales","Lantana camara","Terrestrial","Asia","Forestry","Management_costs",1996,2011,1996,1996,1996,1996,70,109.393502284561,70,109.393502284561,1996,3.31797095191268e-05,1,0,0,0,1,0,0,0,0,0,0,0,0,0,0,0,0,0,0,0,0,0,1,1,3.5,4.14266e+11,"all_other","Diverse"
"Plantae","Tracheophyta","Magnoliopsida","Lamiales","Lantana camara","Terrestrial","Asia","Forestry","Mixed_costs",2009,2009,2009,2009,2009,2009,9000,212.434817923462,9000,212.434817923462,2009,6.44327624881595e-05,1,0,0,0,1,0,0,0,0,0,0,0,0,0,0,0,0,0,0,0,0,0,1,1,3.5,4.14266e+11,"all_pet","Diverse"
"Plantae","Tracheophyta","Magnoliopsida","Lamiales","Lantana camara","Terrestrial","Asia","Forestry","Mixed_costs",2009,2009,2009,2009,2009,2009,9000,212.434817923462,9000,212.434817923462,2009,6.44327624881595e-05,1,0,0,0,1,0,0,0,0,0,0,0,0,0,0,0,0,0,0,0,0,0,1,1,3.5,4.14266e+11,"all_other","Diverse"
"Plantae","Tracheophyta","Magnoliopsida","Malpighiales","Euphorbia esula","Terrestrial","North America","Agriculture","Damage_costs",37992,37951,37937,NA,37937,38047,5957202971,5947447119.03281,5969744971,5947447119.03281,37937,4523.76922900309,0,0,0,0,0,0,0,0,0,0,0,0,0,0,0,0,0,0,0,0,0,0,0,19,240.4,NA,"all_other","Diverse"
"Plantae","Tracheophyta","Magnoliopsida","Myrtales","Melaleuca quinquenervia","Terrestrial","North America","Agriculture","Management_costs",21923,21989,21868,21978,21868,21978,2.75e+08,404669880.934515,2.5e+07,36788170.9940468,21989,2.5798156377312,11,0,0,11,0,0,0,0,0,0,0,0,0,0,0,11,0,0,0,11,0,0,11,0,188.1,1.96438e+12,"all_for","Diverse"
"Plantae","Tracheophyta","Magnoliopsida","Myrtales","Melaleuca quinquenervia","Terrestrial","North America","Agriculture","Management_costs",21923,21989,21868,21978,21868,21978,2.75e+08,404669880.934515,2.5e+07,36788170.9940468,21989,2.5798156377312,11,0,0,11,0,0,0,0,0,0,0,0,0,0,0,11,0,0,0,11,0,0,11,0,188.1,1.96438e+12,"all_pet","Diverse"
"Plantae","Tracheophyta","Magnoliopsida","Rosales","Prunus serotina","Terrestrial","Europe","Forestry","Damage_costs",2003,2003,2003,NA,2003,2003,1400000,1803975.49767532,1400000,1803975.49767532,2002,0.618223268565908,1,0,0,1,1,0,0,0,0,0,0,0,0,0,0,0,0,0,0,1,0,0,1,0,11.2,30403514095,"all_for","Diverse"
"Plantae","Tracheophyta","Magnoliopsida","Rosales","Prunus serotina","Terrestrial","Europe","Forestry","Damage_costs",2003,2003,2003,NA,2003,2003,1400000,1803975.49767532,1400000,1803975.49767532,2002,0.618223268565908,1,0,0,1,1,0,0,0,0,0,0,0,0,0,0,0,0,0,0,1,0,0,1,0,11.2,30403514095,"all_pet","Diverse"
"Plantae","Tracheophyta","Magnoliopsida","Rosales","Rubus niveus","Terrestrial","South America","Agriculture","Management_costs",10075,10085,10065,10085,10065,10085,3785000,3785000,757000,757000,10085,7.02878365831012,0,0,0,0,0,0,0,0,0,0,0,0,0,0,0,5,0,0,0,0,0,0,5,5,41.5,48650155000,"all_pet","Diverse"
"Plantae","Tracheophyta","Magnoliopsida","Rosales","Rubus niveus","Terrestrial","South America","Agriculture","Management_costs",10075,10085,10065,10085,10065,10085,3785000,3785000,757000,757000,10085,7.02878365831012,0,0,0,0,0,0,0,0,0,0,0,0,0,0,0,5,0,0,0,0,0,0,5,5,41.5,48650155000,"all_other","Diverse"
"Plantae","Tracheophyta","Magnoliopsida","Solanales","Solanum viarum","Terrestrial","North America","Agriculture","Damage_costs",1993,2013,1993,NA,1993,1993,6881600,8367483.40126496,6881600,8367483.40126496,2006,0.586780042164444,0,0,0,0,0,0,0,0,0,0,0,0,0,1,0,0,0,0,1,0,0,0,0,0,17.1,1.7858e+11,"all_agri","Diverse"
"Plantae","Tracheophyta","Magnoliopsida","Solanales","Solanum viarum","Terrestrial","North America","Agriculture","Management_costs",1993,2013,1993,NA,1993,1993,8112300,9863917.63486424,8112300,9863917.63486424,2006,0.691719329233117,0,0,0,0,0,0,0,0,0,0,0,0,0,1,0,0,0,0,1,0,0,0,0,0,17.1,1.7858e+11,"all_agri","Diverse"
"Plantae","Tracheophyta","Pinopsida","Pinales","Pinus halepensis","Terrestrial","South America","Forestry","Management_costs",2009,2009,NA,2009,2009,2009,68.405,78.1562392403955,68.405,78.1562392403955,2009,0.000136184421049652,0,0,0,0,0,0,0,0,0,0,0,0,0,0,0,0,0,0,0,0,0,0,0,1,9.1,35209336044,"all_other","Diverse"
"Plantae","Tracheophyta","Polypodiopsida","Salviniales","Salvinia molesta","Aquatic","Asia","Fishery","Damage_costs",49975,49725,49675,50275,49675,50275,152500000,11172904.4794489,6100000,446916.179177954,49675,4.86465853029231,25,0,0,0,0,0,0,25,0,25,0,25,0,0,0,25,0,0,0,0,25,0,25,0,95,171243439525,"all_fish","Diverse"
"Plantae","Tracheophyta","Polypodiopsida","Salviniales","Salvinia molesta","Aquatic","Asia","Fishery","Damage_costs",49975,49725,49675,50275,49675,50275,152500000,11172904.4794489,6100000,446916.179177954,49675,4.86465853029231,25,0,0,0,0,0,0,25,0,25,0,25,0,0,0,25,0,0,0,0,25,0,25,0,95,171243439525,"all_pet","Diverse"
"Plantae","Tracheophyta","Polypodiopsida","Salviniales","Salvinia molesta","Aquatic","Asia","Health","Damage_costs",49975,49725,49675,50275,49675,50275,217500000,15935126.0608533,8700000,637405.042434132,49675,6.93811954320378,25,0,0,0,0,0,0,25,0,25,0,25,0,0,0,25,0,0,0,0,25,0,25,0,95,171243439525,"all_fish","Diverse"
"Plantae","Tracheophyta","Polypodiopsida","Salviniales","Salvinia molesta","Aquatic","Asia","Health","Damage_costs",49975,49725,49675,50275,49675,50275,217500000,15935126.0608533,8700000,637405.042434132,49675,6.93811954320378,25,0,0,0,0,0,0,25,0,25,0,25,0,0,0,25,0,0,0,0,25,0,25,0,95,171243439525,"all_pet","Diverse"
"Plantae","Tracheophyta","Pteridopsida","Pteridales","Pteridium aquilinum","Terrestrial","South America","Agriculture","Damage_costs",34153,34170,34153,34153,34153,34153,1291351413513,683624015.944354,1291351413513,683624015.944354,34153,1728.94288301556,0,0,0,0,0,0,0,0,0,0,0,0,0,0,0,0,0,0,0,0,0,0,0,17,122.4,338585614059,"all_other","Diverse"
